order_date,customer_first_name,customer_last_name,customer_email,region,product_name,category,price,quantity,status
2026-04-28 02:17:43,Elizabeth,Jackson,elizabeth.jackson84@example.com,Central,HD Webcam,Accessories,49.87,5,Completed
2025-12-28 16:51:40,Chris,Smith,chris.smith49@example.com,South,Bookshelf,Furniture,159.98,3,Completed
2025-03-01 05:26:43,John,Taylor,john.taylor93@example.com,West,HD Webcam,Accessories,78.84,3,Completed
2025-11-16 19:17:17,William,Anderson,william.anderson26@example.com,North,USB-C Hub,Accessories,19.21,4,Completed
2025-01-04 21:45:53,Chris,Smith,chris.smith30@example.com,West,Mechanical Keyboard,Accessories,31.23,3,Completed
2025-10-25 17:33:27,Sarah,Johnson,sarah.johnson83@example.com,South,Headphones,Electronics,832.39,4,Completed
2025-05-14 21:35:52,Linda,Taylor,linda.taylor19@example.com,North,USB-C Hub,Accessories,49.76,3,Completed
2025-12-18 23:39:56,Elizabeth,Wilson,elizabeth.wilson28@example.com,South,Tablet,Electronics,736.53,1,Completed
2025-01-26 20:46:41,Jane,Anderson,jane.anderson25@example.com,Central,Monitor,Electronics,367.21,3,Completed
2025-12-08 13:03:08,John,Jackson,john.jackson45@example.com,South,Desk,Furniture,270.25,5,Completed
2025-01-18 13:44:50,Sarah,Taylor,sarah.taylor26@example.com,East,Ergonomic Chair,Furniture,88.68,1,Completed
2025-01-05 08:58:55,Elizabeth,Thomas,elizabeth.thomas32@example.com,North,HD Webcam,Accessories,43.66,1,Completed
2026-03-17 12:51:02,Sarah,Jones,sarah.jones93@example.com,South,USB-C Hub,Accessories,86.15,1,Completed
2025-11-11 01:24:00,Emily,Taylor,emily.taylor29@example.com,North,Office Sofa,Furniture,70.39,3,Completed
2025-01-04 18:13:45,Linda,Moore,linda.moore47@example.com,Central,Laptop,Electronics,342.28,1,Completed
2025-12-30 18:49:23,Linda,Thomas,linda.thomas19@example.com,South,Filing Cabinet,Furniture,236.38,4,Completed
2026-03-27 23:07:28,David,Anderson,david.anderson6@example.com,East,Bookshelf,Furniture,296.1,3,Completed
2026-02-12 20:51:03,David,Williams,david.williams48@example.com,North,Office Sofa,Furniture,97.02,2,Completed
2025-03-04 06:48:38,Sarah,Smith,sarah.smith95@example.com,Central,Smartphone,Electronics,1305.04,5,Completed
2026-05-16 04:34:54,Laura,White,laura.white54@example.com,North,Smartphone,Electronics,1066.42,2,Completed
2025-03-01 00:27:17,William,Moore,william.moore8@example.com,Central,Laptop,Electronics,215.63,1,Completed
2025-05-03 23:30:44,Emily,Moore,emily.moore32@example.com,North,Ergonomic Chair,Furniture,178.14,2,Completed
2025-07-09 19:20:23,Emily,Miller,emily.miller22@example.com,North,USB-C Hub,Accessories,81.32,2,Completed
2025-07-31 08:59:23,Katie,Jones,katie.jones36@example.com,West,USB-C Hub,Accessories,74.83,4,Completed
2026-05-07 08:15:46,William,Williams,william.williams25@example.com,West,Bookshelf,Furniture,413.24,3,Completed
2025-09-29 22:33:50,William,Wilson,william.wilson91@example.com,West,Laptop Stand,Accessories,17.48,4,Completed
2025-12-19 15:01:31,Alex,Miller,alex.miller62@example.com,Central,HD Webcam,Accessories,76.34,1,Completed
2025-10-26 14:18:48,David,Thomas,david.thomas86@example.com,South,Smartwatch,Electronics,748.38,4,Completed
2025-12-03 13:28:04,Alex,Jones,alex.jones74@example.com,North,Laptop Stand,Accessories,58.65,3,Completed
2025-03-06 20:16:04,David,Taylor,david.taylor12@example.com,Central,USB-C Hub,Accessories,21.04,1,Completed
2025-07-17 15:16:42,Alex,Johnson,alex.johnson92@example.com,North,Mechanical Keyboard,Accessories,42.79,2,Completed
2025-07-17 23:41:11,Emily,Jackson,emily.jackson20@example.com,East,Ergonomic Chair,Furniture,187.35,1,Completed
2026-05-14 08:02:13,Emily,Miller,emily.miller54@example.com,Central,Headphones,Electronics,463.53,5,Completed
2026-01-05 22:55:51,Emily,Anderson,emily.anderson78@example.com,South,Bookshelf,Furniture,65.9,5,Completed
2025-08-01 02:26:40,Robert,Taylor,robert.taylor22@example.com,East,Headphones,Electronics,405.96,2,Completed
2025-08-20 14:25:21,Katie,Williams,katie.williams65@example.com,West,Wireless Mouse,Accessories,39.2,4,Completed
2025-09-06 09:05:57,Laura,Davis,laura.davis25@example.com,South,Filing Cabinet,Furniture,326.62,1,Completed
2026-01-19 00:33:44,Alex,Miller,alex.miller95@example.com,Central,Desk,Furniture,111.02,4,Completed
2025-10-23 08:21:03,John,Wilson,john.wilson44@example.com,Central,Desk,Furniture,490.08,4,Completed
2025-01-04 21:08:02,Robert,Wilson,robert.wilson38@example.com,East,Ergonomic Chair,Furniture,153.48,5,Completed
2025-03-18 18:13:07,David,Davis,david.davis19@example.com,North,Monitor,Electronics,1216.85,2,Completed
2025-10-03 06:56:39,Jane,Miller,jane.miller69@example.com,East,Monitor,Electronics,374.36,4,Completed
2025-06-18 01:12:17,Katie,Williams,katie.williams90@example.com,East,Tablet,Electronics,444.31,3,Completed
2026-03-07 16:28:11,William,Anderson,william.anderson36@example.com,North,Mechanical Keyboard,Accessories,80.32,4,Completed
2026-01-29 08:52:25,Alex,Moore,alex.moore47@example.com,West,Laptop,Electronics,1042.19,5,Completed
2025-03-17 09:53:42,Elizabeth,Thomas,elizabeth.thomas26@example.com,Central,Desk,Furniture,159.23,3,Completed
2025-09-22 05:40:43,Alex,Davis,alex.davis42@example.com,North,Headphones,Electronics,551.77,4,Completed
2025-06-29 20:00:42,Emily,Moore,emily.moore76@example.com,South,HD Webcam,Accessories,49.8,1,Completed
2026-01-19 04:19:31,Katie,Wilson,katie.wilson71@example.com,Central,Laptop,Electronics,1209.12,2,Completed
2025-06-03 03:10:11,Elizabeth,Johnson,elizabeth.johnson39@example.com,North,Laptop,Electronics,1328.66,4,Completed
2025-02-06 17:42:13,John,Thomas,john.thomas42@example.com,South,Smartphone,Electronics,151.69,2,Completed
2025-05-01 00:35:25,Linda,White,linda.white61@example.com,East,Smartphone,Electronics,556.91,2,Completed
2025-09-24 00:18:06,Michael,Thomas,michael.thomas10@example.com,Central,Bookshelf,Furniture,76.77,3,Completed
2026-02-22 06:48:04,Jane,Davis,jane.davis82@example.com,Central,Smartphone,Electronics,476.07,5,Completed
2025-07-23 23:22:56,Michael,Taylor,michael.taylor45@example.com,Central,Wireless Mouse,Accessories,55.69,2,Completed
2025-10-10 10:43:04,Chris,Moore,chris.moore30@example.com,Central,Smartwatch,Electronics,347.03,2,Completed
2025-09-29 23:50:10,John,Miller,john.miller26@example.com,North,Laptop Stand,Accessories,42.65,1,Completed
2025-04-04 10:40:32,Michael,Miller,michael.miller65@example.com,East,Laptop Stand,Accessories,71.44,4,Completed
2026-02-15 07:49:21,John,Jackson,john.jackson5@example.com,East,Mechanical Keyboard,Accessories,53.65,4,Completed
2026-04-28 04:07:58,Laura,Taylor,laura.taylor69@example.com,West,Laptop,Electronics,506.18,3,Completed
2025-10-09 01:35:18,Elizabeth,Anderson,elizabeth.anderson69@example.com,West,Filing Cabinet,Furniture,214.48,1,Completed
2025-03-04 15:50:01,David,Smith,david.smith74@example.com,Central,Filing Cabinet,Furniture,483.3,4,Completed
2026-01-16 21:58:32,John,Moore,john.moore96@example.com,West,USB-C Hub,Accessories,79.61,3,Completed
2026-02-10 01:29:01,Chris,Jones,chris.jones32@example.com,North,Ergonomic Chair,Furniture,242.71,2,Completed
2025-02-11 10:07:16,Alex,Jackson,alex.jackson10@example.com,East,Laptop,Electronics,1200.04,3,Completed
2025-08-25 02:43:33,Linda,Miller,linda.miller20@example.com,Central,Mechanical Keyboard,Accessories,73.66,4,Completed
2026-03-08 22:11:31,John,Davis,john.davis5@example.com,Central,Tablet,Electronics,761.12,3,Completed
2025-07-09 14:05:50,Katie,Anderson,katie.anderson61@example.com,East,Desk,Furniture,169.6,2,Completed
2026-03-23 03:08:47,Sarah,White,sarah.white7@example.com,Central,Office Sofa,Furniture,223.29,1,Completed
2026-02-02 16:50:33,Linda,Taylor,linda.taylor29@example.com,West,Tablet,Electronics,715.78,5,Completed
2026-03-06 10:39:04,Chris,Jackson,chris.jackson81@example.com,West,Monitor,Electronics,1204.97,4,Completed
2025-02-17 19:51:46,Michael,Moore,michael.moore37@example.com,North,HD Webcam,Accessories,79.73,5,Completed
2025-11-30 23:46:25,Emily,Miller,emily.miller18@example.com,South,Smartphone,Electronics,167.29,3,Completed
2025-05-24 01:44:22,Alex,Williams,alex.williams4@example.com,East,Desk,Furniture,81.57,4,Completed
2025-05-03 10:46:56,Chris,Moore,chris.moore74@example.com,Central,Ergonomic Chair,Furniture,434.35,1,Completed
2025-04-14 05:48:03,Emily,Smith,emily.smith77@example.com,South,Bookshelf,Furniture,237.08,5,Completed
2025-10-21 22:17:11,Jane,Wilson,jane.wilson87@example.com,East,Office Sofa,Furniture,489.29,1,Completed
2025-03-12 05:49:58,David,Moore,david.moore44@example.com,East,Bookshelf,Furniture,166.01,3,Completed
2025-03-14 05:11:22,Linda,Davis,linda.davis62@example.com,North,Headphones,Electronics,406.05,5,Completed
2026-01-22 08:35:19,Laura,Moore,laura.moore44@example.com,Central,HD Webcam,Accessories,56.07,3,Completed
2026-03-27 14:47:27,Jane,Anderson,jane.anderson26@example.com,East,Bookshelf,Furniture,206.65,3,Completed
2025-03-22 00:32:40,Laura,Wilson,laura.wilson61@example.com,Central,Desk,Furniture,340.11,4,Completed
2025-01-24 19:44:29,Alex,Williams,alex.williams7@example.com,East,Ergonomic Chair,Furniture,432.31,4,Completed
2025-04-10 01:12:20,Alex,Miller,alex.miller87@example.com,Central,Laptop Stand,Accessories,49.52,1,Completed
2025-06-10 14:50:12,Alex,Brown,alex.brown95@example.com,North,Bookshelf,Furniture,418.2,4,Completed
2025-12-15 16:33:20,Alex,Taylor,alex.taylor56@example.com,South,Ergonomic Chair,Furniture,110.75,3,Completed
2025-10-13 14:34:14,Sarah,Jones,sarah.jones98@example.com,Central,Laptop Stand,Accessories,22.03,3,Completed
2025-08-22 18:12:19,Emily,Williams,emily.williams68@example.com,South,Office Sofa,Furniture,463.91,4,Completed
2025-11-11 11:21:21,Linda,Thomas,linda.thomas3@example.com,West,USB-C Hub,Accessories,73.12,5,Completed
2025-06-08 07:18:57,Alex,Davis,alex.davis20@example.com,West,HD Webcam,Accessories,74.3,4,Completed
2025-05-02 04:01:18,Michael,Anderson,michael.anderson58@example.com,Central,USB-C Hub,Accessories,40.22,4,Completed
2026-02-11 15:11:38,William,Jones,william.jones13@example.com,North,Tablet,Electronics,1495.8,3,Completed
2025-10-18 21:27:06,Emily,Smith,emily.smith5@example.com,Central,Tablet,Electronics,1300.49,5,Completed
2025-06-29 23:12:25,Sarah,Taylor,sarah.taylor94@example.com,Central,Laptop,Electronics,1346.05,2,Completed
2026-02-03 05:50:02,Robert,White,robert.white35@example.com,East,Ergonomic Chair,Furniture,290.76,2,Completed
2025-03-10 06:56:40,Jane,Jackson,jane.jackson8@example.com,West,Smartphone,Electronics,854.92,5,Completed
2026-02-24 12:08:31,John,Moore,john.moore89@example.com,East,Office Sofa,Furniture,206.0,2,Completed
2025-10-28 04:51:56,Sarah,Jones,sarah.jones59@example.com,South,Wireless Mouse,Accessories,50.68,1,Completed
2025-02-27 00:42:11,Michael,Davis,michael.davis80@example.com,South,Desk,Furniture,355.4,3,Completed
2025-11-09 17:09:55,Elizabeth,Miller,elizabeth.miller21@example.com,Central,HD Webcam,Accessories,68.27,5,Completed
